Con MAE,Lab MAE,LD MAE,Geen MAE,Reform MAE
2.2103569373535263,2.952307887909974,1.4111714133010924,1.1356950496279639,0.7513009705389595
