Con MAE,Lab MAE,LD MAE,Geen MAE,Reform MAE
3.314672380508576,2.132020372192892,1.4484446857450015,0.8955663666218319,0.5333333333333333
